subreddit,post_id,title,author,created_utc,score,upvote_ratio,num_comments,url,permalink,selftext,link_flair_text,is_self,distinguished,stickied
cryptocurrency,1oka1vr,[AMA] Teller Launches Rewards Program: Earn 22% Compounding Yield,Teller_Yield,2025-10-30T21:01:04,6,0.8,6,https://www.reddit.com/r/CryptoCurrency/comments/1oka1vr/ama_teller_launches_rewards_program_earn_22/,https://reddit.com/r/CryptoCurrency/comments/1oka1vr/ama_teller_launches_rewards_program_earn_22/,"HeyÂ [r/cryptocurrency](https://www.reddit.com/r/cryptocurrency/)

Weâ€™re the team behindÂ [Teller](http://app.teller.org/), a lending protocol on Ethereum, Base, Arbitrum, Polygon, Hyper, and Katana.

Weâ€™ll be around for the next 3 days to answer questions about how our platform works, how weâ€™ve structured our rewards program, what risks are involved, and how you can start earning 22% compounding yield on all your favorite tokens.

**What is Teller?**

Weâ€™re a group of DeFi builders passionate about making yield simple and accessible for long-tail assets (tokens that donâ€™t always get mainstream coverage). Our goal is to allow users to supply single tokens and earn more of theÂ *same*Â token with no dual-asset pairs, no impermanent loss, and no lockups.

For example, you supply $MOON, you earn more $MOON automatically -- Simple. No gimmicks.

**How does Teller work?**

* We initially launched ourÂ [rewards program on Base](https://blog.teller.org/earn-compounding-yield-on-base-tokens-with-teller/)Â and have now expanded it to other networks: you can supply and stake your favorite tokens on Teller to earn up toÂ **22% APY**Â per block.
* No lock-ups. You can withdraw anytime.
* No impermanent loss, because the protocol doesnâ€™t use AMM style liquidity pools for lending. Instead: peer-to-pool lending. Borrowers draw from a pool; lenders deposit; borrowers repay interest.
* As borrowing demand rises, the APY can go higher (ranging from 20-60%) because yield comes from borrower interest payments + our incentive program.
* Once liquidity in a pool hits $100K, expect the incentive portion to gradually decline, with the organic borrowing interest taking over more of the yield burden.

**What are the benefits?**

* For token holders: you can hold a token you believe in, deposit it, and earn more of that same token, rather than converting into something else and dealing with pairs or LP tokens.
* For risk control: because you're supplying single assets and there's no AMM, you avoid impermanent loss (which happens when you provide LP tokens and the relative price of the assets changes).
* Transparent incentives: Weâ€™ve laid out how the yield is constructed (incentive side + borrower interest side) so users can understand what theyâ€™re participating in.

**What are the risks?**

* Lending always has default risk â€” borrowers might not repay. The protocol isolates pools by token to reduce cross-token risk. If a borrower does default then the collateral is put up on an onchain dutch auction, sold, and then returned to the pool.
* Liquidity risk: While the protocol allows withdrawal anytime, if a large part of the liquidity is borrowed, there could be constraints (or interest rates might go up).
* Token risk: Because youâ€™re holding a token, youâ€™re exposed to price volatility of that asset (even though there's no impermanent loss).
* There is always contract risk, as with any protocol. However, Teller is 3 years old, has been audited 3 times, and uses Hypernative to protect against reentrancy attacks.

**Holding $MOON?**

There is currently over 1% of the $MOON supply staked on Teller!

You can now supply and stake your MOONs to start earning more MOONs.

See the image below for an example of how much you can earn:

https://preview.redd.it/np0gxios1byf1.png?width=640&format=png&auto=webp&s=7d7e011c5d2c53fa1cfe75092234286e251eeec0



[](https://preview.redd.it/ama-teller-launches-rewards-program-earn-22-compounding-v0-j7ktwmji0byf1.png?width=1012&format=png&auto=webp&s=7003ebfd53a6d4a4ecbc485c1c2d0543c5525db6)

**How you can start earning:**

Step 1: Go toÂ [app.teller.org](https://t.co/Qi6U79QY9X)

Step 2: Connect your walletÂ 

Step 3: Select your network

Step 4: Select a lending poolÂ 

Step 5: Supply + Stake your tokens and start earning 22% yield



**Ask us anything!**",AMA,True,,True
cryptocurrency,1ok8np3,"JPMorgan CEO Jamie Dimon Who Once Called Crypto A 'Pet Rock', Now Says 'Crypto, Stablecoins Are Real, We'll All Use Them'",Livid_Yam,2025-10-30T20:07:19,24,0.86,4,https://www.benzinga.com/crypto/cryptocurrency/25/10/48540185/jpmorgan-ceo-jamie-dimon-once-called-bitcoin-a-pet-rock-now-he-says-crypto-stablecoins-are-real-well-all-use-them,https://reddit.com/r/CryptoCurrency/comments/1ok8np3/jpmorgan_ceo_jamie_dimon_who_once_called_crypto_a/,,PERSPECTIVE,False,,False
cryptocurrency,1ok75ld,Fun stat: Only 2% of people used crypto for a transaction in 2024,francis_goatman,2025-10-30T19:11:02,36,0.92,13,https://bettermarkets.org/newsroom/fact-sheet-we-must-regulate-crypto-as-it-exists-today/,https://reddit.com/r/CryptoCurrency/comments/1ok75ld/fun_stat_only_2_of_people_used_crypto_for_a/,"I'm not co-signing what this press release says \[far from it\], but I'd have to agree that BTC is much less a currency than a means of storing value at this point. ",DISCUSSION,False,,False
cryptocurrency,1ok6cip,"An Amazing Conversation with Hedera, a Blockchain I am Shocked I Didn't Know or Hear More About Before Today.",ArcanuMELO,2025-10-30T18:41:12,5,0.61,0,https://youtu.be/IoC_nbFmY9w,https://reddit.com/r/CryptoCurrency/comments/1ok6cip/an_amazing_conversation_with_hedera_a_blockchain/,"Hey not sure if people even like this sort of content or interviews here.

We love having great conversations with some of the industry's biggest companies and founders/investors.

This also affords me personally a chance to get more aquainted with ecosystems, in this case Hedera, that I don't often interact with.

In this discussion with Jeff from Hedera Foundation, we got to talk about what's next for Hedera, their belief about AI x Blockchain intersection, RWAs, ecosystem building, and bringing legacy tech companies in to govern an open source blockchain.

Really fun discussion.

Happy to answer any questions or ask Hedera personally if anyone has any good ones to ask that we missed!

Cheers and thank you everyone!

  
\- Melo -

  
PS (We are not and I am not invested or advising in Hedera or HBAR in any way currently at time of writing/taping/interviewing).

",VIDEOS,False,,False
cryptocurrency,1ok5ua8,I would love thoughts on this at home BTC Miner,alexinatlanta,2025-10-30T18:22:13,0,0.25,3,https://heatbit.com/pages/heatbit_maxi,https://reddit.com/r/CryptoCurrency/comments/1ok5ua8/i_would_love_thoughts_on_this_at_home_btc_miner/,Its a heater and a miner! Ships in December 2025,ANALYSIS,False,,False
cryptocurrency,1ok5ilm,I Lost Everything in a Crypto Scam (and then I found Bitcoin),BRVM,2025-10-30T18:10:08,0,0.19,2,https://youtu.be/0DPYkZSmzwc,https://reddit.com/r/CryptoCurrency/comments/1ok5ilm/i_lost_everything_in_a_crypto_scam_and_then_i/,,VIDEOS,False,,False
cryptocurrency,1ok45gy,My parents bought crypto,meep568,2025-10-30T17:19:32,186,0.86,240,https://www.reddit.com/r/CryptoCurrency/comments/1ok45gy/my_parents_bought_crypto/,https://reddit.com/r/CryptoCurrency/comments/1ok45gy/my_parents_bought_crypto/,"My mom sat me down to tell me they're creating a trust and dropped a chunk of money in XRP.

My dad has been caught up in scams before, and I'm concerned. They said they did it to help build generational wealth but I don't think crypto is the way to go. I also told them with my limited knowledge that it would be smart to diversify their investments, and not dump it all into XRP.

I'm the executor of their will and am wondering what kind of mess I'm inheriting, especially since my dad's health is not great and we don't think he's going to be around much longer.

Someone smarter than me, please tell me if I should be concerned.",ADVICE,True,,False
cryptocurrency,1ok3xms,JPMorgan CEO Jamie Dimon says he was wrong about crypto. Crypto & stablecoins will be used by all major banks to facilitate better transactions,Dongerated,2025-10-30T17:11:29,27,0.72,32,https://youtube.com/shorts/3x39OD9C7rg?si=rJGYL2aT4XsTlLwX,https://reddit.com/r/CryptoCurrency/comments/1ok3xms/jpmorgan_ceo_jamie_dimon_says_he_was_wrong_about/,,GENERAL-NEWS,False,,False
cryptocurrency,1ok3mw4,What shape is your portfolio?,Wise-Grapefruit-1443,2025-10-30T17:00:45,29,0.91,9,https://i.redd.it/vy6hi1j9u9yf1.jpeg,https://reddit.com/r/CryptoCurrency/comments/1ok3mw4/what_shape_is_your_portfolio/,,COMEDY,False,,False
cryptocurrency,1ok2oy8,AI will forever change smart contract audits,DryMyBottom,2025-10-30T16:25:10,0,0.29,2,https://cointelegraph.com/news/ai-will-forever-change-smart-contract-audits,https://reddit.com/r/CryptoCurrency/comments/1ok2oy8/ai_will_forever_change_smart_contract_audits/,,ðŸ”´ UNRELIABLE SOURCE,False,,False
cryptocurrency,1ok2kga,What's the reason for the market dropping these days?,AxiumTea,2025-10-30T16:20:19,22,0.66,115,https://www.reddit.com/r/CryptoCurrency/comments/1ok2kga/whats_the_reason_for_the_market_dropping_these/,https://reddit.com/r/CryptoCurrency/comments/1ok2kga/whats_the_reason_for_the_market_dropping_these/,"I thought it would start recovering if there's some improvement with the US-China trade issue and I think there has been somewhat of an improvement? didn't US decide to cut the tariff to 10 percent yesterday rather than the 100% that he threatened China with and crashed the market. So why does the market comtinue to drop?

I'm new to crypto and for some reason, decided to to invest a couple of days before the big crash happened. Anyone know what could be going on these days and what would be needed for the market to start recovering again?",DISCUSSION,True,,False
cryptocurrency,1ok2j0u,MetaMask advances towards a unified crypto wallet by adding Bitcoin,DirectionMundane5468,2025-10-30T16:18:48,4,0.7,2,https://cryptoslate.com/metamask-advances-towards-a-unified-crypto-wallet-with-solana-and-bitcoin/,https://reddit.com/r/CryptoCurrency/comments/1ok2j0u/metamask_advances_towards_a_unified_crypto_wallet/,,ðŸŸ¢ GENERAL-NEWS,False,,False
cryptocurrency,1ok2ih4,Australian Police Use 'Crypto Safe Cracker' to Access $6M Stash,DirectionMundane5468,2025-10-30T16:18:12,1,0.67,3,https://decrypt.co/346755/australian-police-use-crypto-safe-cracker-to-access-6m-stash,https://reddit.com/r/CryptoCurrency/comments/1ok2ih4/australian_police_use_crypto_safe_cracker_to/,,GENERAL-NEWS,False,,False
cryptocurrency,1ok2hxm,Bitcoin risks '20-30%' drop as crypto markets liquidate $1.1B in 24 hours,DirectionMundane5468,2025-10-30T16:17:38,125,0.79,52,https://cointelegraph.com/news/bitcoin-risks-20-30-percent-drop-crypto-markets-liquidate-1-1b-24-hours,https://reddit.com/r/CryptoCurrency/comments/1ok2hxm/bitcoin_risks_2030_drop_as_crypto_markets/,,ðŸ”´ UNRELIABLE SOURCE,False,,False
cryptocurrency,1ok28o6,Flutterwave Selects Polygon as Its Default Blockchain for Cross-Border Payments,0xpolygonlabs,2025-10-30T16:07:49,2,0.67,1,https://www.reddit.com/r/CryptoCurrency/comments/1ok28o6/flutterwave_selects_polygon_as_its_default/,https://reddit.com/r/CryptoCurrency/comments/1ok28o6/flutterwave_selects_polygon_as_its_default/,"Africaâ€™s largest payments company joins forces with Polygon Labs to launch instant, low-cost cross-border payments for global multinationals and millions of consumers

tl;dr

* Flutterwave, Africaâ€™s largest payments infrastructure provider, has selected Polygon as its primary blockchainÂ for a new cross-border payments product
* A multi-year collaboration will power instant, low-cost stablecoin payments for global corporations like Uber and Audiomack across 30+ African countries
* Tackles high fees and slow settlement times in emerging markets with near-instant settlement and close to zero fees

Flutterwave, Africaâ€™s leading payments infrastructure provider with over $40 billion processed to date, has chosen Polygon as the default blockchain network for a new cross-border payments product.

A multi-year collaboration marks one of the largest real-world stablecoin deployments in emerging markets. Polygon continues to be the go-to stack for global money movement, with high reliability and low-fees.

Flutterwave will begin a phased rollout on Polygon in 2025, starting with enterprise customers through Flutterwave for Business, followed by consumer remittance flows on Send App in 2026. 

The goal: enable instant, affordable, stablecoin-powered payments for businesses and individuals across 30+ African countries.

Cross-border payments in emerging markets remain notoriously inefficient. 

For businesses across Africa, settlement can take days and fees often exceed 8% of the transaction value, among the highest in the world.

The Polygon Labs x Flutterwave collab directly addresses these pain points. 

By integrating Polygonâ€™s high-performance blockchain infrastructure, Flutterwave can deliver instant settlement, low-cost transfers, and transparent flows for both corporations and consumers.

The first rollout focuses on enterprise clients and multinationals like Uber and Audiomack, enabling them to move money faster and more efficiently across borders. 

Subsequent phases will bring the same speed and affordability to millions of individuals using Flutterwaveâ€™s Send App, driving down remittance costs and increasing accessibility.

The collaboration offers a blueprint for stablecoin adoption in real-world economies. 

Traditional banking infrastructure in many emerging markets struggles to keep up with the pace of digital commerce. By building on Polygonâ€™s sub-$.01 transaction fees and near-instant settlement, Flutterwave can bring financial access to regions where reliability and affordability are often in tension.

Polygon already leads in emerging markets. While Wall Street warms to stablecoins, everyday users in emerging markets are driving adoption. Rising fees on competitor networks have pushed users toward lower-cost alternatives. Small USDC transfers on Polygon surged 141 % in 2025, with Argentina and Brazil accounting for a large share of that growth. 

For people facing currency volatility or remittance bottlenecks, sending a stablecoin on Polygon costs fractions of a cent and confirms instantly

The Flutterwave venture comes as Polygon cements its position as the go-to stack powering global payments, moving billions in assets, instantly.

Recent milestones include:

* Processing half of all US USDC transfers in the $100â€“$1,000 range.
* Powering BlackRockâ€™s BUIDL Fund tokenization through Securitize, which now exceeds $1 billion AUM.
* Supporting mainstream applications like Polymarket, which has surpassed $1.1 billion in volume and recently received a $2 billion investment from ICE.

By integrating Flutterwaveâ€™s scale with Polygonâ€™s trusted rails, cross-border payments can be redefined: instant and low-cost.

The collaboration brings stablecoins from crypto exchanges to everyday commerce, from powering Uber driver payouts to enabling small merchants in Lagos, Nairobi, or Johannesburg to receive payments in seconds.

Itâ€™s a major leap forward in how blockchain can solve real-world payment challenges at scale, setting a new standard for financial inclusion and interoperability in the digital age.",GENERAL-NEWS,True,,False
cryptocurrency,1ok26mz,Why is Bitcoin price crashing right after Federal Reserve rate cuts?,DryMyBottom,2025-10-30T16:05:36,334,0.91,206,https://crypto.news/why-is-bitcoin-price-crashing-right-after-federal-reserve-rate-cuts/,https://reddit.com/r/CryptoCurrency/comments/1ok26mz/why_is_bitcoin_price_crashing_right_after_federal/,,GENERAL-NEWS,False,,False
cryptocurrency,1ok21dy,Ondo Taps Chainlink to Power Data Feeds for 100+ Tokenized Equities,schnapps91038,2025-10-30T16:00:10,12,0.8,2,https://www.coindesk.com/business/2025/10/30/ondo-taps-chainlink-to-power-data-feeds-for-100-tokenized-equities,https://reddit.com/r/CryptoCurrency/comments/1ok21dy/ondo_taps_chainlink_to_power_data_feeds_for_100/,,ðŸŸ¢ GENERAL-NEWS,False,,False
cryptocurrency,1ok1ujc,What was your best win in crypto and what did you learn from it?,jacob2884r,2025-10-30T15:52:48,5,0.65,64,https://www.reddit.com/r/CryptoCurrency/comments/1ok1ujc/what_was_your_best_win_in_crypto_and_what_did_you/,https://reddit.com/r/CryptoCurrency/comments/1ok1ujc/what_was_your_best_win_in_crypto_and_what_did_you/,"Everyone always talks about the losses in crypto, but I want to flip that for a moment. What was your best win in crypto so far? It can be your biggest financial gain, or it could be a trade that went exactly to plan, or a coin you believed in that paid off, or even something like finally sticking to your strategy. I haven't been in crypto for a long time so i'm still finding my footing in this market and thought it would be helpful to hear about the wins people remember most and what they learned from them.",DISCUSSION,True,,False
cryptocurrency,1ok1ssa,Elon Muskâ€™s SpaceX Just Moved More of Its $894 Million in Bitcoin Holdings,KIG45,2025-10-30T15:50:52,16,0.77,6,https://decrypt.co/346784/elon-musks-spacex-just-moved-more-894-million-bitcoin-stash,https://reddit.com/r/CryptoCurrency/comments/1ok1ssa/elon_musks_spacex_just_moved_more_of_its_894/,,GENERAL-NEWS,False,,False
cryptocurrency,1ok0nan,Here is why VeChain is not dead (yet).,hank194,2025-10-30T15:05:33,0,0.35,16,https://www.reddit.com/r/CryptoCurrency/comments/1ok0nan/here_is_why_vechain_is_not_dead_yet/,https://reddit.com/r/CryptoCurrency/comments/1ok0nan/here_is_why_vechain_is_not_dead_yet/,"This post is in direct counter to all of the non-believers in the other post asking if VET is dead. And yes, I am a bag holder. I bought 2017, sold 2021 and bought again 2023. But I am still in because I want to retire from crypto and the underdogs are the only way I can. And let's be honest, the price is all anyone cares about, I'm not gonna talk about GitHub development or sponsorships. I'll talk about facts and what is known.

So why is VET not dead? Why is it still not in sub 100 like Neo, Eos, IOTA, Tezos, Nano etc. One word. Endurance. The VET foundation is incredibly good at keeping the coin above water, almost 10 years now. Look at peak 2021. VET had nothing but words of partnerships, no different than Tezos. DNV, PWC, whatever. It did x100 from the 2020 lows. Look at what happened Dec last year. rank 50 to 30 in a couple of weeks and it wasn't even a proper rally. At that point the general sentiment around VET was horrible, and it still climbed to top 30.

Are its usecases shit? Yes. Are we in a casino? Also yes. People are going to be looking for the juiciest potential in the upcoming alt season. And it ain't gonna be ETH or Solana. It's gonna be the underdog which pumped x100 in the span of months. The ones which have just about enough usecases to not call them memecoins, but not enough to already be top 5. The one which seemigly has all the right things going for it, but ""for some reason"" is still low in price. 

This post is not meant to be a shill or anything, I already know this sub's sentiment towards the coin. It was just something I wanted to say.",DISCUSSION,True,,False
cryptocurrency,1ok09w1,xStocks = Open Access. Open Finance. Open Markets.,krakenexchange,2025-10-30T14:51:09,3,0.64,11,https://www.reddit.com/r/CryptoCurrency/comments/1ok09w1/xstocks_open_access_open_finance_open_markets/,https://reddit.com/r/CryptoCurrency/comments/1ok09w1/xstocks_open_access_open_finance_open_markets/,"Hey r/cryptocurrency! Kraken here.

Have you gotten into tokenized equities yet? Theyâ€™ve been gaining serious traction, and we think itâ€™s one of the most exciting bridges between traditional markets and crypto.

With xStocks, you can get exposure to 60+ tokenized U.S. stocks and ETFs (AAPLx, TSLAx, SPYx, NVDAx, and more) directly through Kraken.Â   
Trade 24/5 with instant settlement, auto-reinvested dividends, and full on-chain flexibility all while diversifying your portfolio beyond crypto.

Whatâ€™s live right now  
ðŸŒ Available in the select geos + EU: easy exposure to U.S. equities  
âš™ï¸Â Live on Ethereum, Solana, and soon TON  
ðŸ”— Multi-chain by design: ERC-20, SPL, and BEP-20 tokens  
ðŸ§± Usable onchain: self-custody or integrate with DeFi protocols

The ideaâ€™s simple: stocks should move like stablecoins. Borderless, permissionless, and composable.

As our co-CEO Arjun Sethi put it:

â€œThe future of capital markets will be chain-neutral. Tokenized equities arenâ€™t just digital wrappers â€” theyâ€™re programmable building blocks for global finance.â€

xStocks are about more than trading. Theyâ€™re about making traditional markets usable across chains, wallets, and protocols. The goal: an always-on equity market, built for the internet.

ðŸ‘‰ Explore xStocks on Kraken: [https://www.kraken.com/xstocks](https://www.kraken.com/xstocks)Â 

And a question for you all: What stock or ETF would you want to see listed next as an xStock?

Disclaimer:  
xStocks are issued by Backed Assets (JE) Limited (a Jersey private limited company) and offered to eligible Kraken customers via Payward Digital Solutions Ltd. (â€œPDSLâ€), a company licensed to conduct digital asset business by the Bermuda Monetary Authority. xStocks are not nor will be registered with any local securities regulators. PDSL (Kraken) does not provide investment advice. Individual investors should seek professional independent advice as to the suitability of any investment, including potential tax treatment. Investing in xStocks involves an element of risk. Past performance does not indicate future results. Not available in the U.S., Canada, or Australia. Geo restrictions apply. Read Krakenâ€™s xStocks Risk Disclosure at kraken.com/legal/xstocks as well as the Base Prospectus and related Final Terms for xStocks at assets.backed.fi/legal-documentation to learn more.",EXCHANGES,True,,True
cryptocurrency,1ok08fq,Onramps with low or no KYC for small amounts,smokeTO,2025-10-30T14:49:30,2,1.0,1,https://www.reddit.com/r/CryptoCurrency/comments/1ok08fq/onramps_with_low_or_no_kyc_for_small_amounts/,https://reddit.com/r/CryptoCurrency/comments/1ok08fq/onramps_with_low_or_no_kyc_for_small_amounts/,"This may be posting in the wrong subreddit, if that's the case please accept my apologies. I read the rules and from what I can see it doesn't violate any of them. But there's a lot of them and multiple ways that some can be interpreted so if it's against the rules, mods please feel free to remove.

  
I'm looking for suggestions for FIAT to crypto onramps that require low or no KYC for small purchases of stable coins. A monthly threshold is fine, but something smooth for one off purchases in the $5 - $100 range would solve a lot of problems for a project I'm working on.

  
Simple KYC where you enter a billing address is not an issue, but providing ID for a $5-10 USDC purchase has shown to have massive drop offs of customers for obvious reasons.",TECHNOLOGY,True,,False
cryptocurrency,1ok0895,Kraken xStocks - Trade xStocks across 60+ US equities & ETFs,community-home,2025-10-30T14:49:17,14,0.77,9,https://www.reddit.com/r/CryptoCurrency/comments/1ok0895/kraken_xstocks_trade_xstocks_across_60_us/,https://reddit.com/r/CryptoCurrency/comments/1ok0895/kraken_xstocks_trade_xstocks_across_60_us/,This post contains content not supported on old Reddit. [Click here to view the full post](https://sh.reddit.com/r/CryptoCurrency/comments/1ok0895),MARKETS,True,,False
cryptocurrency,1ojzevi,"X.com Flooded with Fake Solana Congestion Posts, No Outage in 90 Days",chartsguru,2025-10-30T14:16:03,0,0.5,21,https://thelayer.cloud/x-com-flooded-with-fake-solana-congestion-posts-no-outage-in-90-days,https://reddit.com/r/CryptoCurrency/comments/1ojzevi/xcom_flooded_with_fake_solana_congestion_posts_no/,"An unofficial syndicate attempts to harm Solanaâ€™s reputation by reposting similar messages about network congestion.

Solana did not have any major outages in the last 90 days. Further, the last outage was due to an overwhelming number of people subscribing to the Trump Official Memecoin. Still, the issue was localized to the server, and the blockchain had no outage.

The accounts might be a part of a new scam. Readers are best advised to exercise precaution.

In the past we have seen similar spams and scams where users are duped into investing or sharing wallet keys.

",GENERAL-NEWS,False,,False
bitcoin,1okaogj,Bitcoin during cut cycles...,Ashamed_Figure_9335,2025-10-30T21:25:15,1,1.0,0,https://i.redd.it/w0f00sv16byf1.png,https://reddit.com/r/Bitcoin/comments/1okaogj/bitcoin_during_cut_cycles/,,,False,,False
bitcoin,1okaldz,Think the top's in?,DryEntrepreneur2342,2025-10-30T21:21:49,19,1.0,0,https://i.redd.it/4e8dlpri5byf1.jpeg,https://reddit.com/r/Bitcoin/comments/1okaldz/think_the_tops_in/,,,False,,False
bitcoin,1ok9s7a,That girl who ignored you after Bitcoin hits $150K,OkAd5565,2025-10-30T20:50:46,0,0.39,4,https://v.redd.it/u5hd9nh10byf1,https://reddit.com/r/Bitcoin/comments/1ok9s7a/that_girl_who_ignored_you_after_bitcoin_hits_150k/,,,False,,False
bitcoin,1ok9p3m,Most Alt Coiners be like,Leading_Confection32,2025-10-30T20:47:20,22,0.83,6,https://i.redd.it/s5dkd8qfzayf1.jpeg,https://reddit.com/r/Bitcoin/comments/1ok9p3m/most_alt_coiners_be_like/,,,False,,False
bitcoin,1ok9k5p,111k McDonald's French fries,rtmxavi,2025-10-30T20:42:01,90,0.99,3,https://v.redd.it/73b62ebhyayf1,https://reddit.com/r/Bitcoin/comments/1ok9k5p/111k_mcdonalds_french_fries/,I,,False,,False
bitcoin,1ok9gyh,Just joined this last year along for the long run.,Tresplutosbetmostx3,2025-10-30T20:38:25,3,0.71,0,https://i.redd.it/0v8234fuxayf1.jpeg,https://reddit.com/r/Bitcoin/comments/1ok9gyh/just_joined_this_last_year_along_for_the_long_run/,"I always knew about bitcoin as a kid from the internet and how a guy bought pizza for a whole bunch of them weird life went on I started to grow up work jobs and learn about savings currency extended luxury goods assets and securities. I always kept hearing wild stories about BTC gold housing markets wages inflation. Got woke on the idea the market the fake hype the real possibilityâ€™s and saw it grow along side the other coins.


",,False,,False
bitcoin,1ok9g43,New to Crypto.. Go easy on me,Diligent-Ear9301,2025-10-30T20:37:31,2,0.67,7,https://www.reddit.com/r/Bitcoin/comments/1ok9g43/new_to_crypto_go_easy_on_me/,https://reddit.com/r/Bitcoin/comments/1ok9g43/new_to_crypto_go_easy_on_me/,Do you think itâ€™s possible the government will outlaw bitcoin and thatâ€™s why black rock sold off most of its stock?,,True,,False
bitcoin,1ok96oi,How does the trading work,AngleOverall4081,2025-10-30T20:27:24,0,0.38,8,https://www.reddit.com/r/Bitcoin/comments/1ok96oi/how_does_the_trading_work/,https://reddit.com/r/Bitcoin/comments/1ok96oi/how_does_the_trading_work/,"What I mean with trading is when you buy Bitcoin and later sell it for profit(hopefully). How does that work is it rlly just buy it, own it, sell it when the price is higher. Doesn't seem that difficult, and I don't know why people lossing money with it you just gotta be patient.",,True,,False
bitcoin,1ok8yqa,â€œHe kept stacking while you kept mocking â€” now Wojak is your daddy.â€,ElonSleepsInCarsToo,2025-10-30T20:18:53,0,0.2,0,https://i.redd.it/xbhbwj8buayf1.png,https://reddit.com/r/Bitcoin/comments/1ok8yqa/he_kept_stacking_while_you_kept_mocking_now_wojak/,"You laughed.
You mocked.
You called him poor, delusional, wrecked.

Guess what.

Wojak is your daddy.

And daddyâ€™s stacking.
",,False,,False
bitcoin,1ok875w,What needs to happen for bitcoin to see its true potential,Unusual_Net_6282,2025-10-30T19:50:18,3,0.62,1,https://youtu.be/YtFOxNbmD38?si=CEGPVWralfU9VnCk,https://reddit.com/r/Bitcoin/comments/1ok875w/what_needs_to_happen_for_bitcoin_to_see_its_true/,"So Iâ€™m fairly new to BTC but I love the idea of it and watching this video inspires me for the future, to see a solution (right or wrong) but nevertheless some type of answer to a lot of the problems we face in our country (USA) using a broken money system. Realistically what needs to happen for BTC to realize its purpose? Do grocery stores and business need to adopt payment systems to be able to buy and sell everyday things using BTC? Do companyâ€™s need to start paying their employees using BTC? Because right now it seems like itâ€™s only worth something being backed by our belief that itâ€™ll turn into something useful as a currency in the future, if so what would need to happen? If Iâ€™m just totally missing the point here too let me know I just am really fascinated and want to learn!",,False,,False
bitcoin,1ok83lw,"Found Wallet From 2011, Am I Accessing It Correctly?",DannyASU,2025-10-30T19:46:29,5,0.78,12,https://www.reddit.com/r/Bitcoin/comments/1ok83lw/found_wallet_from_2011_am_i_accessing_it_correctly/,https://reddit.com/r/Bitcoin/comments/1ok83lw/found_wallet_from_2011_am_i_accessing_it_correctly/,"Recently found one of my dead HP laptops from \~2010. I took the hard drive out to see if I had any cool photos saved. Ended up finding a wallet.dat dated 08/09/2011 which got me pretty excited. I also had Bitcoin Core installed. I sort of remember watching ads or doing captchas a back in these days since I was too young to have a job but always wanted to make money online.

Anyway, I took the wallet.dat file and downloaded Bitcoin Core on my current PC. It was ""synchronizing the network"" and was about 13 years behind. I followed some tutorial to read my wallet in Bitcoin Core without waiting for the network to sync. It read that there is 0 BTC. Right now on Bitcoin Core if I go to ""File > Open Wallet"" It just gives me a greyed out text that says ""Default Wallet"" so I'm guessing when I redownloaded on my new PC it made a blank wallet. I believe the tutorial I followed involved replacing the wallet.dat in the BTC Core directory with the one I found from 2011. (Don't worry, I made like 3 back up wallet.dat's and still have my OG hard drive!)

Is there another way I can go about double checking this? I just had the thought today that maybe I should let Bitcoin Core sync all blocks before trying to read the wallet.

I won't be answering any DM's regarding the topic so save your effort, thanks!

  
EDIT: Also wanted to add there are numerous other files I found such as \_db files, addr.dat, blk0001.dat, blkindex.dat, etc. I just pulled them all off my old hard drive as they were in the same area as wallet.dat",,True,,False
bitcoin,1ok7phb,Bitcoin beginner,FullPresence6882,2025-10-30T19:31:39,1,0.67,3,https://www.reddit.com/r/Bitcoin/comments/1ok7phb/bitcoin_beginner/,https://reddit.com/r/Bitcoin/comments/1ok7phb/bitcoin_beginner/,My roth IRA is with Fidelity and they do not offer a â€œcryptoâ€ account in the state of North Carolina. Where is the best place for me to go to ride this roller coaster?,,True,,False
bitcoin,1ok7p7z,Why Bitcoin Doesnâ€™t Act Like Gold (Yet),thesatdaddy,2025-10-30T19:31:23,1,0.57,2,https://youtu.be/x98XSst8N8Q,https://reddit.com/r/Bitcoin/comments/1ok7p7z/why_bitcoin_doesnt_act_like_gold_yet/,"If Bitcoin is supposed to be digital gold, why doesnâ€™t it act like it? Every time markets crash, gold holds steady or even rises, while Bitcoin takes a dive. So is the â€œdigital goldâ€ narrative wrong, or are we just early?

In this video I explain why Bitcoin doesnâ€™t behave like gold on a price chart (yet), what that reveals about its monetization path, and how itâ€™s following the same trajectory gold once did on its way to becoming a trusted global store of value.",,False,,False
bitcoin,1ok6nxr,Updating my situation with bitcoin [EP 2],Such-Competition-816,2025-10-30T18:52:55,84,0.85,26,https://v.redd.it/gidi29b9aayf1,https://reddit.com/r/Bitcoin/comments/1ok6nxr/updating_my_situation_with_bitcoin_ep_2/,Thanks you all,,False,,False
bitcoin,1ok5v5y,What are the opinions on this home miner?,alexinatlanta,2025-10-30T18:23:13,0,0.5,3,https://heatbit.com/pages/heatbit_maxi,https://reddit.com/r/Bitcoin/comments/1ok5v5y/what_are_the_opinions_on_this_home_miner/,,,False,,False
bitcoin,1ok5rnw,"Daily Bitcoin meme until BTC is at $200,000 #127",moonlightvle,2025-10-30T18:19:30,308,0.96,13,https://i.redd.it/vsth9g9z8ayf1.jpeg,https://reddit.com/r/Bitcoin/comments/1ok5rnw/daily_bitcoin_meme_until_btc_is_at_200000_127/,,,False,,False
bitcoin,1ok5hsz,I Lost Everything in a Crypto Scam (and then I found Bitcoin),BRVM,2025-10-30T18:09:15,0,0.47,1,https://youtu.be/0DPYkZSmzwc,https://reddit.com/r/Bitcoin/comments/1ok5hsz/i_lost_everything_in_a_crypto_scam_and_then_i/,"On my podcast â€˜Bitcoin for Millennialsâ€™ I talked with Bitcoin Katie, who became a Bitcoin maximalist after getting scammed in crypto. We discuss how the scam changed everything, how Bitcoin stands apart from the noise, and why real conviction starts with better questions, not fast money.",,False,,False
bitcoin,1ok5dqi,ðŸ’€ Moment of silence for the levered. Set your spot limit orders deep. ðŸŽ£,RedDog860,2025-10-30T18:05:02,58,0.84,25,https://www.reddit.com/r/Bitcoin/comments/1ok5dqi/moment_of_silence_for_the_levered_set_your_spot/,https://reddit.com/r/Bitcoin/comments/1ok5dqi/moment_of_silence_for_the_levered_set_your_spot/,"Another glorious liquidation cascade today. You can almost hear the 50x apes getting margin-called in real time â€” a beautiful, tragic symphony of overconfidence and liquidation wicks.

Meanwhile, the spot stackers are out here with limit orders set so deep youâ€™d need a submarine to find them. Patiently waitingâ€¦ fishing rods outâ€¦ watching those liquidation candles kiss their buy zones like clockwork.

Leverage giveth quick dopamine, but spot stackers inherit the earth (and the coins). ðŸ§˜â€â™‚ï¸

Stay solvent. Set your traps. Let the impatient fund your accumulation.",,True,,False
bitcoin,1ok4wi8,SATOSHI - 1.1 - Satoshi Nakamoto's First Email to The Cryptography Mailing List,Fiach_Dubh,2025-10-30T17:47:23,19,0.95,2,https://v.redd.it/uxx34d0a3ayf1,https://reddit.com/r/Bitcoin/comments/1ok4wi8/satoshi_11_satoshi_nakamotos_first_email_to_the/,,,False,,False
bitcoin,1ok4jh6,Loyalty Is No Longer Necessary â€“ Once You Have Bitcoin,vhtech99,2025-10-30T17:33:57,0,0.5,1,https://www.reddit.com/r/Bitcoin/comments/1ok4jh6/loyalty_is_no_longer_necessary_once_you_have/,https://reddit.com/r/Bitcoin/comments/1ok4jh6/loyalty_is_no_longer_necessary_once_you_have/,"https://preview.redd.it/097701gt0ayf1.png?width=1024&format=png&auto=webp&s=892920b8684b7431ad29df13585666586c769ec2

# A Former Government Employee Shares: â€œLoyalty Is No Longer Necessary â€“ Once You Have Bitcoinâ€

>

These are the words of a former government employee who once believed that order and stability were the foundation of society. But after understanding **Bitcoin**, everything changed.

>

To him, Bitcoin represents a **revolution of loyalty**.  
No longer loyalty to people, parties, or governments â€” but **loyalty to the immutable principles of freedom and truth**.

Bitcoin doesnâ€™t promise, doesnâ€™t preach, doesnâ€™t punish. It simply **works â€” fairly, for everyone**.

>

From believing in institutions, he turned to believing in **open source and personal sovereignty**.  
No more blind obedience â€” only understanding and conscious choice.

ðŸ’¬ *â€œLoyalty used to be a virtue; now itâ€™s a burden. In the world of Bitcoin, we donâ€™t need loyalty â€” we need honesty.â€*

**#Bitcoin #FreedomMoney #Decentralization #PersonalSovereignty #BitcoinNative**

Read more at: [https://primal.net/e/nevent1qqszyxeu3vz0szt45a8l8a29knf00e4504l90dmk0ls2dzknt5ty6ngev0hec](https://primal.net/e/nevent1qqszyxeu3vz0szt45a8l8a29knf00e4504l90dmk0ls2dzknt5ty6ngev0hec)",,True,,False
bitcoin,1ok3q4b,Crud. Looks like I have to buy,Jeepzngunz,2025-10-30T17:03:58,21,0.86,1,https://www.reddit.com/r/Bitcoin/comments/1ok3q4b/crud_looks_like_i_have_to_buy/,https://reddit.com/r/Bitcoin/comments/1ok3q4b/crud_looks_like_i_have_to_buy/,Woke up to a 107 BTC price. *sigh. Looks like I have to buy. ,,True,,False
bitcoin,1ok3a4t,My heart hurt ^^,ConcertClear972,2025-10-30T16:47:40,12,0.74,3,https://i.redd.it/0vd0uk7os9yf1.jpeg,https://reddit.com/r/Bitcoin/comments/1ok3a4t/my_heart_hurt/,,repetitivÐµ,False,,False
bitcoin,1ok37jk,Today was a good day ðŸ˜Ž,Suspicious-Local-901,2025-10-30T16:45:01,18,0.91,5,https://i.redd.it/tt764ja7s9yf1.jpeg,https://reddit.com/r/Bitcoin/comments/1ok37jk/today_was_a_good_day/,,,False,,False
bitcoin,1ok2bp6,I hope this is true for all my fellow traders (not original content),CarpetWhich8191,2025-10-30T16:11:04,85,0.94,8,https://i.redd.it/fg86mcxyl9yf1.jpeg,https://reddit.com/r/Bitcoin/comments/1ok2bp6/i_hope_this_is_true_for_all_my_fellow_traders_not/,,,False,,False
bitcoin,1ok1xo5,Mt Gox bitcoin delayed until October 2026,[deleted],2025-10-30T15:56:10,0,0.4,0,https://www.reddit.com/r/Bitcoin/comments/1ok1xo5/mt_gox_bitcoin_delayed_until_october_2026/,https://reddit.com/r/Bitcoin/comments/1ok1xo5/mt_gox_bitcoin_delayed_until_october_2026/,"None of you are aware or what?

I was wondering why btc had a big drop this morning. Thought it was mt gox issuance. Wasn't! Just fed policy somehow influencing btc again.

Thats 1 full year closer to halving day!",,True,,False
bitcoin,1ok1uem,BTC or Crypto Cold Wallets,luisnunez4,2025-10-30T15:52:41,1,0.67,7,https://www.reddit.com/r/Bitcoin/comments/1ok1uem/btc_or_crypto_cold_wallets/,https://reddit.com/r/Bitcoin/comments/1ok1uem/btc_or_crypto_cold_wallets/,"I've been investing in BTC since it was around 16k and I am starting to believe it s better option for me to protect it in a cold wallet, I am haven't researched much about yet, but I would like to hear from you all regarding what wallets do you guys use or recommend. Saw the Ledger brand as a good price/quality product what do you think?",,True,,False
bitcoin,1ok1qwg,Bitcoin Drone Show Time Lapse,FutureVision45,2025-10-30T15:48:50,568,0.95,17,https://v.redd.it/z75fsrx2i9yf1,https://reddit.com/r/Bitcoin/comments/1ok1qwg/bitcoin_drone_show_time_lapse/,,,False,,False
bitcoin,1ok1gfk,100k is cheap.,chesbenLP,2025-10-30T15:37:29,84,0.89,45,https://www.reddit.com/r/Bitcoin/comments/1ok1gfk/100k_is_cheap/,https://reddit.com/r/Bitcoin/comments/1ok1gfk/100k_is_cheap/,"Iâ€™ve been stacking consistently since 2021, and Iâ€™m still dead set on accumulating much more. When Bitcoin finally crossed that fabled 100k threshold, the strangest thing happened in my mindâ€¦it suddenly looked cheap again. Low 100s to me felt like I was looking at prices in the 10kâ€™s again and my conviction grew even more. Anyone else?",,True,,False
bitcoin,1ok15vr,They never learn,unthocks,2025-10-30T15:25:47,37,0.87,7,https://i.redd.it/z91ivib2e9yf1.jpeg,https://reddit.com/r/Bitcoin/comments/1ok15vr/they_never_learn/,,,False,,False
bitcoin,1ok007c,bitcoin is the ultimate teacher,rtmxavi,2025-10-30T14:40:25,12,0.93,1,https://youtube.com/shorts/NNrmOfgtLWI?si=Fw6L04vMk-0HfBDm,https://reddit.com/r/Bitcoin/comments/1ok007c/bitcoin_is_the_ultimate_teacher/,,,False,,False
bitcoin,1ojzrm9,why does this exist lmao,sauteedwateebuffalo,2025-10-30T14:30:35,292,0.94,9,https://i.redd.it/q323rju749yf1.jpeg,https://reddit.com/r/Bitcoin/comments/1ojzrm9/why_does_this_exist_lmao/,"i donâ€™t know anything about bitcoin, but i ate at steak and shake last night and found out they had a bitcoin burger? got it for shits and giggles and wanted to share",,False,,False
bitcoin,1ojzcqm,Basque country bitcoin market,Miserable_Kale7970,2025-10-30T14:13:27,9,0.91,2,https://www.reddit.com/r/Bitcoin/comments/1ojzcqm/basque_country_bitcoin_market/,https://reddit.com/r/Bitcoin/comments/1ojzcqm/basque_country_bitcoin_market/,"Apparently some big food market in Basque country is now accepting bitcoin. Thought that was pretty cool. I can see why shops would do it, but a food market? Was a bit surprised (pleasantly though).",,True,,False
bitcoin,1ojz6ym,Api question helpðŸš¨ðŸš¨ðŸš¨,Vivid_Wolverine2469,2025-10-30T14:06:36,0,0.5,0,https://www.reddit.com/r/Bitcoin/comments/1ojz6ym/api_question_help/,https://reddit.com/r/Bitcoin/comments/1ojz6ym/api_question_help/,"Question from my close friend

The story is that the Cryptopia platform was hacked in 2019, and since then, the liquidation team has been processing account verifications. They require users to show proof of their transactions, but for many people, itâ€™s been difficult because emails and records were lost.

In my case, I provided my API information to the person in charge of the liquidation at Grant Thornton. However, they told me that the account appears to be under a different name. This doesnâ€™t make sense because I never shared my account or credentials with anyone.

I need to find a way to prove that those coins belong to me â€” I invested my entire life savings there.
",,True,,False
ethereum,1ok9t7d,"AMA w Joshua Lapidus (Founding Steward of Azos Labs, Opolis and SporkDAO)",0xJoshua,2025-10-30T20:51:51,2,1.0,1,https://www.reddit.com/r/ethereum/comments/1ok9t7d/ama_w_joshua_lapidus_founding_steward_of_azos/,https://reddit.com/r/ethereum/comments/1ok9t7d/ama_w_joshua_lapidus_founding_steward_of_azos/,"Iâ€™m 0xJoshua, Founder and CEO of Azos Labs. My co-founder u/c0mput3rxz and I are building Azos Finance to make money green again. Inspired by [Runeâ€™s â€œCase for Clean Money,â€](https://www.reddit.com/r/MakerDAO/comments/q1cyj9/the_case_for_clean_money_a_new_vision_for_makerdao/) we took a fork of r/MakerDAO and replaced the collateral with climate-impact RWAs like carbon credits, green bonds, and renewable energy debt. Azos is live on Base and $AZUSD can be borrowed.

some additional background:  I bought my first ETH back in 2017 while working at Lyft on the driver growth team that beat Uber to IPO. In 2019 I joined ConsenSys, and after getting laid off (good times), I went to ETHDenver 2020 looking for my next role. That trip pulled me deep into DAOs: I became a Founding Steward of Opolis, Bufficorn Steward of ETHDenver, joined DAOHaus, Raid Guild, and MetaCartel, and helped Summon SporkDAO, where I now serve as Treasurer and Board Member.

I love funding public goods, and co-founded [Rainbow Rolls](https://www.vice.com/en/article/toilet-paper-themed-nfts-wipe-dollar7m-in-medical-debt-people-mad-anyway/) and [Public Nouns](https://publicnouns.wtf/) to do exactly that.

Most RWAs are just T-Bills with extra steps â€” but not for long. AMA.",,True,,True
ethereum,1ok6zd0,Pantera Ethereum Thesis: Distributed Validators to secure TRILLIONS,aItalianStallion,2025-10-30T19:04:32,1,0.6,0,https://www.reddit.com/r/ethereum/comments/1ok6zd0/pantera_ethereum_thesis_distributed_validators_to/,https://reddit.com/r/ethereum/comments/1ok6zd0/pantera_ethereum_thesis_distributed_validators_to/,"Ethereum continues to win, but Pantera (arguably #1 web3 venture fund) who has been backing many of the large DATs have shared their updated thesis related to Ethereum staking.

Their write-up shares that they expect Distributed Validators to replace legacy validator technology over the next decade, and eventually secure trillions in value.

The Ethereum economy will secure trillions and trillions in value!

[https://panteracapital.com/blog-our-obol-thesis/](https://panteracapital.com/blog-our-obol-thesis/)",,True,,False
ethereum,1ok47k7,Diamond Contract Gas Efficiency Challenge,mudgen,2025-10-30T17:21:40,1,0.67,5,https://www.reddit.com/r/ethereum/comments/1ok47k7/diamond_contract_gas_efficiency_challenge/,https://reddit.com/r/ethereum/comments/1ok47k7/diamond_contract_gas_efficiency_challenge/,"The \`DiamondLoupeFacet.sol\` implementation in the Compose smart contract library is too gas inefficient. I am challenging anyone to write the most gas efficient, sensible code, to implement this. See this issue for details:  [https://github.com/Perfect-Abstractions/Compose/issues/155](https://github.com/Perfect-Abstractions/Compose/issues/155)",,True,,False
ethereum,1ok2xz3,"EFF diceware - mnemonic phrase from 2018 Ethereum wallet, did Mist use it?",DerSissi,2025-10-30T16:34:51,2,0.67,4,https://www.reddit.com/r/ethereum/comments/1ok2xz3/eff_diceware_mnemonic_phrase_from_2018_ethereum/,https://reddit.com/r/ethereum/comments/1ok2xz3/eff_diceware_mnemonic_phrase_from_2018_ethereum/,"Hey guys, so I have an old mnemonic phrase from an Ethereum Geth node I used in 2018.
I'm not sure which wallet it was, all I have is the mnemonic phrase which is 100% correct 
The words are only found in the EFF diceware wordlist.
Does anyone have an idea how I can recover that, or even just which Ethereum wallet ever used the EFF diceware list?
Thanks for your attention!",,True,,False
solana,1ok7111,SOL Brothers Podcast - Global Payments With Solana On Western Union (EP 59),ansi09,2025-10-30T19:06:20,1,1.0,5,https://x.com/SolBrothersPod/status/1983818955946070482,https://reddit.com/r/solana/comments/1ok7111/sol_brothers_podcast_global_payments_with_solana/,,Podcast,False,,False
solana,1ok6692,How to get started with x402 on Solana,ansi09,2025-10-30T18:34:41,1,1.0,2,https://solana.com/developers/guides/getstarted/intro-to-x402,https://reddit.com/r/solana/comments/1ok6692/how_to_get_started_with_x402_on_solana/,,Dev/Tech,False,,False
solana,1ok4ak8,New Staking Solana stock BSOL,Stevord,2025-10-30T17:24:46,3,1.0,1,/r/stocks/comments/1ok49t8/new_staking_solana_stock_bsol/,https://reddit.com/r/solana/comments/1ok4ak8/new_staking_solana_stock_bsol/,,Staking,False,,False
solana,1ok3ahx,Solana x402 Workshop,ansi09,2025-10-30T16:48:02,3,1.0,2,https://x.com/i/broadcasts/1rmGPvbrLLLxN,https://reddit.com/r/solana/comments/1ok3ahx/solana_x402_workshop/,,Dev/Tech,False,,False
solana,1ok33i6,Anza - A Visual History Of Solana From The First Line Of Code To An Ecosystem Supporting Millions,ansi09,2025-10-30T16:40:42,3,1.0,3,https://www.reddit.com/r/solana/comments/1ok33i6/anza_a_visual_history_of_solana_from_the_first/,https://reddit.com/r/solana/comments/1ok33i6/anza_a_visual_history_of_solana_from_the_first/,"**Source:** [https://x.com/anza\_xyz/status/1983906084395086204](https://x.com/anza_xyz/status/1983906084395086204)

>A visual history of Solana

>From the first line of code to an ecosystem supporting millions, we've never stopped shipping

https://reddit.com/link/1ok33i6/video/g3y56270p9yf1/player",Ecosystem,True,,False
solana,1ok2s88,"X.com Flooded with Fake Solana Congestion Posts, No Outage in 90 Days",chartsguru,2025-10-30T16:28:46,3,1.0,2,https://thelayer.cloud/x-com-flooded-with-fake-solana-congestion-posts-no-outage-in-90-days,https://reddit.com/r/solana/comments/1ok2s88/xcom_flooded_with_fake_solana_congestion_posts_no/,"An unofficial syndicate attempts to harm Solanaâ€™s reputation by reposting similar messages about network congestion.
There has been no congestion on Solana since the Trump Memecoin TGE.
Solana network faced no outages in the last 90 days.",Ecosystem,False,,False
solana,1ok2nyt,"Triton One Introduces ""Yellowstone Fumarole"", A New Persistent Streaming Solution",ansi09,2025-10-30T16:24:09,2,1.0,1,https://www.reddit.com/r/solana/comments/1ok2nyt/triton_one_introduces_yellowstone_fumarole_a_new/,https://reddit.com/r/solana/comments/1ok2nyt/triton_one_introduces_yellowstone_fumarole_a_new/,"**Source:** [https://x.com/triton\_one/status/1983893970733211864](https://x.com/triton_one/status/1983893970733211864)

>Good news!  
  
[@Solana](https://x.com/solana) 's read layer just got a massive upgrade: Introducing **Fumarole**  
  
**Fumarole** is a streaming service *explicitly* built with *data completeness* in mind. It pauses the data stream upon disconnection and starts streaming again when you tell it to.  
  
You won't miss updates from unstable gRPC connections anymore. Fumarole stores the last 23 hours; if you start using it today, you can stream yesterday's data, all the way up to the tip of the network!  
  
Please read our blog post, which is linked in the following tweet!



>You can read about Fumarole here: [https://blog.triton.one/introducing-yellowstone-fumarole/](https://blog.triton.one/introducing-yellowstone-fumarole/)

https://preview.redd.it/226g3diao9yf1.png?width=680&format=png&auto=webp&s=0f8c7180f23102f3430d51118b82ccb8af903133

",Dev/Tech,True,,False
